Dataset,Algorithm,Tau,Iterations,Objective,FW_Gap,Runtime_seconds,L1_Norm,Nonzero_Coefficients
Riboflavin,Classic Frank-Wolfe,3.0,5000,0.07802547465065938,0.14238447668855414,1.0649492739999005,2.9035580541416817,104
Riboflavin,Pairwise Frank-Wolfe,3.0,5000,0.02622199532656096,0.03431929469711714,0.6742486020002616,3.0000000000000004,83
Riboflavin,Projected Gradient,3.0,5000,0.4312752322488577,2.4523290716849626,2.0874884439999732,3.000000000000001,352
YearPredictionMSD,Classic Frank-Wolfe,10.0,3000,51276273.3303806,24214.56919964838,152.10552467299976,9.970672786711894,20
YearPredictionMSD,Pairwise Frank-Wolfe,10.0,263,51260896.55639085,9.041279554367065e-06,4.551759266999852,9.999999999999998,20
YearPredictionMSD,Projected Gradient,10.0,3000,51260896.556390986,1.0969451079145074,146.33343740300006,10.000000000000004,20
E2006,Classic Frank-Wolfe,3.0,3000,1734.2318037312084,225.71802031507445,275.1054881260002,2.6092318814460636,380
E2006,Pairwise Frank-Wolfe,3.0,3000,1611.9464917360895,10.669547275206469,342.23016227100015,3.0000000000000018,659
E2006,Projected Gradient,3.0,3000,1706.564596518379,3366.2013589774397,257.8100062970002,3.000000000000002,1694
